[
    {
        "name": "Blue Legume",
        "cuisine": "european"
    },
    {
        "name": "Fig & Olive",
        "cuisine": "european"
    },
    {
        "name": "Le Mercury",
        "cuisine": "french"
    },
    {
        "name": "Dishoom",
        "cuisine": "indian"
    },
    {
        "name": "The Grand Brassiere",
        "cuisine": "french"
    },
    {
        "name": "Wahaca",
        "cuisine": "mexican"
    },
    {
        "name": "The Islington",
        "cuisine": "english"
    },
]
